{
  "version": "v1",
  "trained_at": "2026-04-04T16:31:58.772274",
  "n_samples": 500,
  "n_features": 16,
  "accuracy": 0.68,
  "auc_roc": 0.7711084433773508,
  "max_iter": 1000,
  "C": 1.0
}